id,file_name
1,34275662120_7757a15d07_n.jpg
2,5757012454_c37f305b73.jpg
3,8671824531_64b816949e_m.jpg
4,6347846687_3f0a7c3176.jpg
5,40410686_272bc66faf_m.jpg
6,8663932737_0a603ab718_n.jpg
7,33849854704_d2a2415e4d_n.jpg
8,2735666555_01d53e74fe.jpg
9,3594967811_697184b026_n.jpg
10,7136973281_b2a935ce20.jpg
11,14266917699_91b207888e.jpg
12,3511776685_3635087b12_n.jpg
13,18354545086_693ea7bc2a.jpg
14,8689302980_9bd2f7b9fe_n.jpg
15,14335561523_f847f2f4f1.jpg
16,4746633946_23933c0810.jpg
17,34551360172_dde3b8e43d_n.jpg
18,5181899042_0a6ffe0c8a_n.jpg
19,367020749_3c9a652d75.jpg
20,10683189_bd6e371b97.jpg
21,8748402330_c00f9fbf7f_n.jpg
22,2539552964_921cf645ba_n.jpg
23,20812318934_82f10c45a1_n.jpg
24,7211616670_2d49ecb3a5_m.jpg
25,17719248689_cfd5d2f228_n.jpg
26,5718781677_d5e9267115_n.jpg
27,6141199476_9b6d383fd9.jpg
28,4604238410_bcec9da4a0_n.jpg
29,33411423082_8150d9254e_n.jpg
30,15060816740_68e1b2c31b.jpg
31,8747223572_dcd9601e99.jpg
32,14275234071_6e6f473356.jpg
33,14925397351_c7f209d804_n.jpg
34,14015957646_8317a0f1d9_n.jpg
35,16169741783_deeab1a679_m.jpg
36,5335936311_390e8ed5d9_n.jpg
37,8209458141_38f38be65c_m.jpg
38,538920244_59899a78f8_n.jpg
39,14176042519_5792b37555.jpg
40,5349859602_1ab3356c64_n.jpg
41,8711277462_b43df5454b_m.jpg
42,29687446176_096b86f44c_n.jpg
43,116343334_9cb4acdc57_n.jpg
44,4229503616_9b8a42123c_n.jpg
45,5231103167_a03280e9f6_n.jpg
46,3838274225_36010c6254_n.jpg
47,4333085242_bbeb3e2841_m.jpg
48,13529687904_3d60abb479_n.jpg
49,16670921315_0fc48d7ab2_n.jpg
50,1776290427_9d8d5be6ac.jpg
51,11441893003_ab83672800.jpg
52,3276552939_8c31b22d3e.jpg
53,16568321388_fd07bac92a_n.jpg
54,107693873_86021ac4ea_n.jpg
55,1413979148_b40d63db90_m.jpg
56,15011625580_7974c44bce.jpg
57,20972866151_e6a928b00a.jpg
58,5212877807_a3ddf06a7c_n.jpg
59,2862944799_45bc8e7302.jpg
60,22183529245_ce13557515_m.jpg
61,7055500907_dcf2bb50e0.jpg
62,17295127995_62eff434fe_n.jpg
63,9633056561_6f1b7e8faf_m.jpg
64,3909587261_f8cd3e7fe7.jpg
65,2444241718_3ca53ce921.jpg
66,34653465656_31bc613631_n.jpg
67,3664916269_29f07c7c7b.jpg
68,446484749_4044affcaf_n.jpg
69,33879354664_615c72773d_n.jpg
70,34591866681_ff35af51df_n.jpg
71,19732081840_f573a3827d_n.jpg
72,4571923094_b9cefa9438_n.jpg
73,3858508462_db2b9692d1.jpg
74,10777398353_5a20bb218c.jpg
75,112951022_4892b1348b_n.jpg
76,9384867134_83af458a19_n.jpg
77,3614805920_7a6610aa4b_n.jpg
78,21652746_cc379e0eea_m.jpg
79,11465213433_847c4fa261.jpg
80,4932143849_018486cbf7.jpg
81,5273722065_c85d8543c2_m.jpg
82,9431890901_cd11bda584_n.jpg
83,17388697431_0d84c427d1_n.jpg
84,12916017805_1cde91a891_n.jpg
85,23894449029_bf0f34d35d_n.jpg
86,12323085443_8ac0cdb713_n.jpg
87,5001846301_9380fbe900_n.jpg
88,2522454811_f87af57d8b.jpg
89,6953297_8576bf4ea3.jpg
90,5002451854_9cf0096db0_n.jpg
91,8964198962_6d8593b533.jpg
92,5434913005_409c1e8b56_n.jpg
93,33923454163_9cabcaa733_n.jpg
94,10477378514_9ffbcec4cf_m.jpg
95,4816636411_0135bfe2c9_n.jpg
96,5180861654_0741222c62_n.jpg
97,184682320_73ccf74710.jpg
98,537625768_791e973b40.jpg
99,5642429835_a0cbf1bab7_n.jpg
100,4953240903_a121fba81f_m.jpg
101,443600168_cb08d56511.jpg
102,16577886423_9b23622f1d_n.jpg
103,7471890996_e61b134867_n.jpg
104,5333437251_ce0aa6925d_n.jpg
105,3530500952_9f94fb8b9c_m.jpg
106,6480809573_76a0074b69_n.jpg
107,5459481183_18d2d49e44_m.jpg
108,19975899671_ebc42b7865_n.jpg
109,18492296751_0bf021da9b_n.jpg
110,5829610661_8439ba4a77_n.jpg
111,5716633491_55e6f02645_n.jpg
112,34611565966_9de274f987_n.jpg
113,3516269489_cef36e87a6.jpg
114,6978826370_7b9aa7c7d5.jpg
115,8712244311_da8e90bf8e_n.jpg
116,2229804138_db9cba3443_n.jpg
117,5797606814_ccac615312_m.jpg
118,13887031789_97437f246b.jpg
119,450607536_4fd9f5d17c_m.jpg
120,5001852101_877cb2ae9b_n.jpg
121,14221192676_eb8c89a7d6_n.jpg
122,303858799_942b9c09e7_m.jpg
123,6347846935_51e3dc2481_n.jpg
124,8756906129_b05a1b26f2.jpg
125,10172379554_b296050f82_n.jpg
126,33980437760_60f3ceaf03_n.jpg
127,7042692841_f323799c0d.jpg
128,34365073265_246c5c0561_n.jpg
129,5937355165_1dc7b2cbf9_n.jpg
130,2440874162_27a7030402_n.jpg
131,9160289562_ab2718d19b.jpg
132,33839388103_79cb79f7bc_n.jpg
133,7064813645_f7f48fb527.jpg
134,4612826243_7d86870a1b_n.jpg
135,4765063233_f64440c20b.jpg
136,6111589202_8b9555364c_m.jpg
137,3483303007_42e3f90da7.jpg
138,8697784345_e75913d220.jpg
139,5654859907_c2be3b0f1e_n.jpg
140,7470985338_a1f3bba601_n.jpg
141,13979840624_28466cb3ec_n.jpg
142,10770585085_4742b9dac3_n.jpg
143,11023277956_8980d53169_m.jpg
144,4702438868_278b9cf41c_n.jpg
145,14244273988_a7484f18b7_m.jpg
146,3501368412_358e144d1f.jpg
147,2457473644_5242844e52_m.jpg
148,14651383746_419dc73634_m.jpg
149,6994938270_bf51d0fe63.jpg
150,5335945309_852d018a27_n.jpg
151,4754734410_94d98463a5.jpg
152,3893436870_034b79d118_n.jpg
153,7806320016_fcddfc1f8f_n.jpg
154,9610371852_179e7781ce.jpg
155,8709535323_a6bea3e43f.jpg
156,17449165090_dfb27af360_n.jpg
157,17574213074_f5416afd84.jpg
158,20156280765_a6baea3176.jpg
159,8533312924_ee09412645_n.jpg
160,33886931523_4499a65b72_n.jpg
161,251811158_75fa3034ff.jpg
162,5180859236_60aa57ff9b_n.jpg
163,14084345111_8a4cb05a31.jpg
164,7166567320_0a2beb6d42_n.jpg
165,5811022098_2523ca4e82.jpg
166,5628552852_60bbe8d9b0_n.jpg
167,7046815693_f159e96acd_n.jpg
168,9939430464_5f5861ebab.jpg
169,4191299785_a4faca9b74_n.jpg
170,2482982436_a2145359e0_n.jpg
171,145862135_ab710de93c_n.jpg
172,7148085703_b9e8bcd6ca_n.jpg
173,5944315415_2be8abeb2f_m.jpg
174,12471443383_b71e7a7480_m.jpg
175,7471890786_aaff777641_n.jpg
176,4574736702_b15ecf97d0_m.jpg
177,2512977446_ac498955ee.jpg
178,2503489175_f0848d3e8e.jpg
179,11405573_24a8a838cc_n.jpg
180,5718512292_aa50a9a473_n.jpg
181,15207766_fc2f1d692c_n.jpg
182,1880606744_23e3dc4f6b_n.jpg
183,13176521023_4d7cc74856_m.jpg
184,9158041313_7a6a102f7a_n.jpg
185,15054864058_2edca122a9_n.jpg
186,8759594528_2534c0ec65_n.jpg
187,5675705011_82729927ca_n.jpg
188,6141150299_b46a64e4de.jpg
189,14350958832_29bdd3a254.jpg
190,2418823693_72eec80f42_n.jpg
191,14068348874_7b36c99f6a.jpg
192,2637883118_cf6ce37be4_n.jpg
193,14614655810_9910e6dbd6_n.jpg
194,4602809199_d3030cef01_m.jpg
195,6280787884_141cd7b382_n.jpg
196,12240577184_b0de0e53ea_n.jpg
197,17851831751_35b071f4b0.jpg
198,13471563274_471fc1db33_m.jpg
199,14362539701_cf19e588ca.jpg
200,4861391074_c3e122dab0_m.jpg
201,14093744313_b66bc95072.jpg
202,2467980325_237b14c737_m.jpg
203,20093632966_0d53e13036_n.jpg
204,4512569988_2b3f802cc6.jpg
205,3238068295_b2a7b17f48_n.jpg
206,15032112248_30c5284e54_n.jpg
207,17104364030_ee31ee279b_n.jpg
208,422094774_28acc69a8b_n.jpg
209,7448453762_aea8739f1b.jpg
210,2513618768_ff7c004796_m.jpg
211,7586498522_4dcab1c8d2_m.jpg
212,3588872598_e0f9a1d2a1_m.jpg
213,34326847400_f4de801005_n.jpg
214,176458518_f81d4bff8e.jpg
215,4612774939_e26ec1c34d_n.jpg
216,16569932139_4367c92f82_n.jpg
217,19914611213_150f7125a9_n.jpg
218,3474066174_8d3b3e8f97_n.jpg
219,4668543441_79040ca329_n.jpg
220,10712722853_5632165b04.jpg
221,13510057763_01b832d919.jpg
222,8759601388_36e2a50d98_n.jpg
223,13095941995_9a66faa713_n.jpg
224,7070694881_e9a331fa4e_n.jpg
225,23414449869_ee849a80d4.jpg
226,4848279231_c4960e28b2_n.jpg
227,5574421625_61b1f49b3f_m.jpg
228,5673112305_02fe19297b_n.jpg
229,4632761610_768360d425.jpg
230,34592557281_5f254b3a46_n.jpg
231,17146644679_11aff3045c.jpg
232,14421389519_d5fd353eb4.jpg
233,7481215720_73e40f178f_n.jpg
234,25759191500_1c0da35828_n.jpg
235,4489516263_e49fe82637_n.jpg
236,14569895116_32f0dcb0f9.jpg
237,9353111163_7a89b2df35_n.jpg
238,388405293_4db1d71f21_n.jpg
239,7683456068_02644b8382_m.jpg
240,4933823194_33f6e32c5a.jpg
241,6606817351_10f6e43a09.jpg
242,21984860006_20dfacea1c_m.jpg
243,6112510436_9fe06e695a_n.jpg
244,34652819496_0b6f758986_n.jpg
245,1297972485_33266a18d9.jpg
246,1667963621_c76d570af3_n.jpg
247,12093962485_7c3e9a2a23_n.jpg
248,8759597778_7fca5d434b_n.jpg
249,9538283930_0faea083bb_n.jpg
250,34554334542_7d8f68a75c_n.jpg
251,2489438981_4eb60ef98f_m.jpg
252,394990940_7af082cf8d_n.jpg
253,29955482321_2d6269c164_n.jpg
254,5981645737_29eceac291_m.jpg
255,14238880951_2f62f042be_n.jpg
256,3337536080_1db19964fe.jpg
257,10043234166_e6dd915111_n.jpg
258,9161647994_e39b65cb9c_n.jpg
259,6038098425_b3b4fb62cc_m.jpg
260,5718513240_e84d5a7e89_n.jpg
261,3897174387_07aac6bf5f_n.jpg
262,29744656500_f17578f7e3_n.jpg
263,12094442595_297494dba4_m.jpg
264,13530690445_9f1f5cf43a_n.jpg
265,16862351376_f0fcc6fc91_n.jpg
266,4624404489_11e10fcd33_n.jpg
267,14858674096_ed0fc1a130.jpg
268,3584414925_1e6c4b61db_n.jpg
269,5674695558_61397a1584.jpg
270,3154932290_4bf43bd34f_n.jpg
271,5704726114_a92f753514.jpg
272,4893356345_24d67eff9f_m.jpg
273,6241886381_cc722785af.jpg
274,7094271655_79a6f972c1_n.jpg
275,7193058132_36fd883048_m.jpg
276,12025042086_78bafc0eb6_n.jpg
277,6250363717_17732e992e_n.jpg
278,33847542834_0ce330ac60_n.jpg
279,13910479407_936fd3122d.jpg
280,16582481123_06e8e6b966_n.jpg
281,3580437733_9ef51f2981_n.jpg
282,144099102_bf63a41e4f_n.jpg
283,6910811638_aa6f17df23.jpg
284,7652532108_01ef94c476.jpg
285,5693486585_cf64d87519_n.jpg
286,8125886145_ae99f91fd0.jpg
287,10386702973_e74a34c806_n.jpg
288,4235259239_21f2eb4f2e.jpg
289,3766264038_ea701c7131_n.jpg
290,26564770956_ac4800ae85_n.jpg
291,6054952060_c88612f3c5_n.jpg
292,5979111025_3bcae48ae6_n.jpg
293,3991742794_edebc6c8a0_n.jpg
294,13675534854_03caf51644_m.jpg
295,5687705933_55a8c2dbac.jpg
296,10386522775_4f8c616999_m.jpg
297,15697872479_ed48e9dd73_n.jpg
298,25965526231_941b6a216d_n.jpg
299,5002446424_b86e3c646f_n.jpg
300,5217892384_3edce91761_m.jpg
301,8929523512_c87897b84e.jpg
302,5037790727_57c527494f.jpg
303,7186509956_c37c02fb43_n.jpg
304,8710109684_e2c5ef6aeb_n.jpg
305,9445830851_e9a126fd1d_n.jpg
306,3550491463_3eb092054c_m.jpg
307,1788484468_f73afa6c32_n.jpg
308,16143151468_4f3c033e33.jpg
309,5749815755_12f9214649_n.jpg
310,8712268519_f4c2c39a06_n.jpg
311,4609168052_3d4e1d3804_n.jpg
312,12601254324_3cb62c254a_m.jpg
313,8887005939_b19e8305ee.jpg
314,18599603859_f2ec616ddf_n.jpg
315,4868595281_1e58083785.jpg
316,9375675309_987d32f99e_n.jpg
317,33859244503_eeeca6a397_n.jpg
318,19621170705_30bf8bf0ba.jpg
319,14330343061_99478302d4_m.jpg
320,13900486390_5a25785645_n.jpg
321,534228982_4afbcece9b_m.jpg
322,5691100579_4a2767360a.jpg
323,5003160931_cf8cbb846f.jpg
324,34717754295_cbb0185a36_n.jpg
325,8831808134_315aedb37b.jpg
326,5655177340_78fc36ce59_m.jpg
327,2389720627_8923180b19.jpg
328,15378782362_4161b23af7_m.jpg
329,34552250422_320900fd8e_n.jpg
330,3001536784_3bfd101b23_n.jpg
331,19426575569_4b53c0b726.jpg
332,39271782_b4335d09ae_n.jpg
333,4814515275_6e25a6c18f.jpg
334,5995136822_8e1eed76f5_n.jpg
335,9216323421_f737c1d50e.jpg
336,5973935729_2868f2db1f_n.jpg
337,17113203493_735185295f_n.jpg
338,5180896559_b8cfefc21e.jpg
339,34732908685_a219574ffe_n.jpg
340,17907238905_1ae121f8d9_m.jpg
341,34486116262_411e6991f4_n.jpg
342,20692409652_25da3e5839_n.jpg
343,19526570282_1d1e71b0f3_m.jpg
344,4580206494_9386c81ed8_n.jpg
345,5863698305_04a4277401_n.jpg
346,8987479080_32ab912d10_n.jpg
347,33872893913_72d64a9b85_n.jpg
348,17324469461_2b318aff8d_m.jpg
349,15818051327_9a44bf6244_n.jpg
350,17433282043_441b0a07f4_n.jpg
351,2901376034_cdb4bac26b_m.jpg
352,16025261368_911703a536_n.jpg
353,20708492111_35757c490f_n.jpg
354,5001847693_77a9fb4f3c_n.jpg
355,5643666851_dc3f42399d_m.jpg
356,4895124535_11a2bb704c_m.jpg
357,20701823522_43e3f4ba09_n.jpg
358,8223949_2928d3f6f6_n.jpg
359,32120685303_90b5f21ab2_n.jpg
360,4932735566_2327bf319a.jpg
361,5745882709_fb6fc8f02a_n.jpg
362,854593001_c57939125f_n.jpg
363,14097676864_4ca8e8b20d_n.jpg
364,4418204816_018375acd0_m.jpg
365,5717950215_5d0bf2e8b3_n.jpg
366,3451646670_3eff7094b7_n.jpg
367,1949195327_75f76c12b1.jpg
368,32724693914_282ccc4f92_n.jpg
369,12193032636_b50ae7db35_n.jpg
370,3254533919_cb0b8af26c.jpg
371,4226758402_a1b75ce3ac_n.jpg
372,14097328354_4f1469a170.jpg
373,678714585_addc9aaaef.jpg
374,33856267954_b806fab0db_n.jpg
375,8521597402_4b6169ba05.jpg
376,144040769_c5b805f868.jpg
377,2494436687_775402e0aa.jpg
378,8706810197_17b6c1f1e7.jpg
379,5628296138_9031791fab.jpg
380,7425858848_d04dab08dd_n.jpg
381,5577555349_2e8490259b.jpg
382,5139969631_743880e01d_n.jpg
383,15096307668_589504b03f_n.jpg
384,18302672248_38fe0f70af_n.jpg
385,8094774544_35465c1c64.jpg
386,5043409856_395300dbe5_m.jpg
387,2479491210_98e41c4e7d_m.jpg
388,8694909523_3ca25d449d_n.jpg
389,9309473873_9d62b9082e.jpg
390,5952223760_85972671d6_n.jpg
391,3554620445_082dd0bec4_n.jpg
392,808239968_318722e4db.jpg
393,8035908422_87220425d2_n.jpg
394,5002452394_22896fb9df_n.jpg
395,10559679065_50d2b16f6d.jpg
396,16986144192_55e0e6c152.jpg
397,8241471746_5d81fdd3c0_n.jpg
398,16832961488_5f7e70eb5e_n.jpg
399,4813483281_f3707a71e7_n.jpg
400,16711791713_e54bc9c1af_n.jpg
401,6799076717_575944af91_m.jpg
402,14046760909_0c73e84a1f_n.jpg
403,2850381271_d2f9a470b1_n.jpg
404,14094114202_4c1d7f1116.jpg
405,5140791232_52f2c5b41d_n.jpg
406,4669815582_0a994fb4fd_m.jpg
407,16133917184_b5755756bd_n.jpg
408,15275144259_f9a18ec9cb.jpg
409,13491959645_2cd9df44d6_n.jpg
410,14471433500_cdaa22e3ea_m.jpg
411,13331969914_890082d898_n.jpg
412,34476821002_b6ab77189c_n.jpg
413,144076848_57e1d662e3_m.jpg
414,23659122395_3467d88c02_n.jpg
415,6482016425_d8fab362f6.jpg
416,7189043225_2fe781439a_n.jpg
417,9244082319_b1f7e2d8b0_n.jpg
418,3580443099_9a6902ebd8_n.jpg
419,16837594326_1056d875a4_m.jpg
420,7270375648_79f0caef42_n.jpg
421,34695605616_3b05bb1ef5_n.jpg
422,13562271714_d534531374.jpg
423,5001844777_d9e1968119_n.jpg
424,8926641787_d2515dfe8f_m.jpg
425,5673551_01d1ea993e_n.jpg
426,6133988570_9dc778e622_m.jpg
427,5182167964_9d1a0be0b8_n.jpg
428,8614237582_74417799f4_m.jpg
429,5001852517_6a8713ffe2_n.jpg
430,310380634_60e6c79989.jpg
431,9529916092_de70623523_n.jpg
432,3268459296_a7346c6b2c.jpg
433,488202750_c420cbce61.jpg
